YearYear,Stage,Total Time,Reaction Time,Gender,Batch
2022,H,13.28,0.115,M,1
2022,H,13.36,0.139,M,1
2022,H,13.45,0.12,M,1
2022,H,13.49,0.14,M,1
2022,H,13.49,0.134,M,1
2022,H,13.61,0.114,M,1
2022,H,13.65,0.121,M,1
2022,H,14.19,0.149,M,1
2022,H,13.14,0.147,M,2
2022,H,13.37,0.146,M,2
2022,H,13.41,0.126,M,2
2022,H,13.46,0.134,M,2
2022,H,13.51,0.153,M,2
2022,H,13.58,0.116,M,2
2022,H,13.7,0.179,M,2
2022,H,13.82,0.134,M,2
2022,H,13.37,0.137,M,3
2022,H,13.44,0.134,M,3
2022,H,13.48,0.132,M,3
2022,H,13.53,0.144,M,3
2022,H,13.55,0.159,M,3
2022,H,13.78,0.14,M,3
2022,H,13.81,0.145,M,3
2022,H,DQ,0.179,M,3
2022,H,13.17,0.153,M,4
2022,H,13.23,0.14,M,4
2022,H,13.32,0.15,M,4
2022,H,13.47,0.134,M,4
2022,H,13.58,0.137,M,4
2022,H,13.73,0.182,M,4
2022,H,13.91,0.143,M,4
2022,H,13.95,0.198,M,4
2022,H,13.47,0.123,M,5
2022,H,13.52,0.133,M,5
2022,H,13.56,0.128,M,5
2022,H,13.57,0.117,M,5
2022,H,13.64,0.116,M,5
2022,H,13.81,0.12,M,5
2022,H,14.35,0.136,M,5
2022,H,DQ,0.15,M,5
2022,S,13.01,0.128,M,6
2022,S,13.31,0.124,M,6
2022,S,13.37,0.13,M,6
2022,S,13.46,0.125,M,6
2022,S,13.47,0.154,M,6
2022,S,13.67,0.139,M,6
2022,S,13.67,0.149,M,6
2022,S,13.68,0.144,M,6
2022,S,13.07,0.12,M,7
2022,S,13.26,0.141,M,7
2022,S,13.27,0.129,M,7
2022,S,13.4,0.129,M,7
2022,S,13.42,0.112,M,7
2022,S,13.49,0.142,M,7
2022,S,13.51,0.12,M,7
2022,S,13.62,0.13,M,7
2022,S,13.02,0.128,M,8
2022,S,13.09,0.101,M,8
2022,S,13.21,0.115,M,8
2022,S,13.22,0.135,M,8
2022,S,13.25,0.148,M,8
2022,S,13.35,0.141,M,8
2022,S,13.42,0.131,M,8
2022,S,13.44,0.113,M,8
2022,F,13.03,0.124,M,9
2022,F,13.08,0.109,M,9
2022,F,13.17,0.126,M,9
2022,F,13.32,0.14,M,9
2022,F,13.33,0.145,M,9
2022,F,DQ,0.108,M,9
2022,F,DQ,0.099,M,9
2019,H,13.17,0.132,M,10
2019,H,13.37,0.148,M,10
2019,H,13.41,0.126,M,10
2019,H,13.46,0.125,M,10
2019,H,13.49,0.158,M,10
2019,H,13.6,0.144,M,10
2019,H,13.65,0.157,M,10
2019,H,DQ,0.149,M,10
2019,H,13.27,0.138,M,11
2019,H,13.38,0.156,M,11
2019,H,13.39,0.183,M,11
2019,H,13.51,0.156,M,11
2019,H,13.6,0.142,M,11
2019,H,13.73,0.156,M,11
2019,H,13.74,0.125,M,11
2019,H,13.92,0.165,M,11
2019,H,13.45,0.16,M,12
2019,H,13.53,0.16,M,12
2019,H,13.67,0.157,M,12
2019,H,13.76,0.159,M,12
2019,H,14.07,0.15,M,12
2019,H,DQ,0.186,M,12
2019,H,13.22,0.16,M,13
2019,H,13.32,0.146,M,13
2019,H,13.43,0.142,M,13
2019,H,13.43,0.145,M,13
2019,H,13.5,0.139,M,13
2019,H,13.53,0.142,M,13
2019,H,14.54,0.149,M,13
2019,H,14.79,0.166,M,13
2019,H,13.15,0.14,M,14
2019,H,13.48,0.156,M,14
2019,H,13.57,0.19,M,14
2019,H,13.67,0.179,M,14
2019,H,13.68,0.219,M,14
2019,H,13.7,0.214,M,14
2019,H,13.75,0.203,M,14
2019,H,14.37,0.161,M,14
2019,S,13.1,0.166,M,15
2019,S,13.18,0.129,M,15
2019,S,13.48,0.152,M,15
2019,S,13.57,0.154,M,15
2019,S,13.6,0.123,M,15
2019,S,13.6,0.162,M,15
2019,S,14.29,0.169,M,15
2019,S,DQ,0.163,M,15
2019,S,13.08,0.141,M,16
2019,S,13.12,0.163,M,16
2019,S,13.22,0.137,M,16
2019,S,13.36,0.119,M,16
2019,S,13.52,0.132,M,16
2019,S,13.52,0.155,M,16
2019,S,13.53,0.158,M,16
2019,S,13.76,0.164,M,16
2019,S,13.16,0.131,M,17
2019,S,13.29,0.162,M,17
2019,S,13.47,0.123,M,17
2019,S,13.54,0.198,M,17
2019,S,13.57,0.136,M,17
2019,S,13.58,0.144,M,17
2019,S,13.6,0.133,M,17
2019,S,13.61,0.176,M,17
2019,F,13.1,0.158,M,18
2019,F,13.15,0.15,M,18
2019,F,13.18,0.161,M,18
2019,F,13.3,0.13,M,18
2019,F,13.29,0.14,M,18
2019,F,13.61,0.149,M,18
2019,F,13.7,0.124,M,18
2019,F,13.87,0.15,M,18
2019,F,DQ,0.128,M,18
2017,H,13.23,0.138,M,19
2017,H,13.35,0.132,M,19
2017,H,13.41,0.147,M,19
2017,H,13.5,0.178,M,19
2017,H,13.56,0.135,M,19
2017,H,13.59,0.152,M,19
2017,H,13.65,0.144,M,19
2017,H,14.51,0.153,M,19
2017,H,14.55,0.148,M,19
2017,H,13.26,0.135,M,20
2017,H,13.36,0.169,M,20
2017,H,13.53,0.175,M,20
2017,H,13.58,0.159,M,20
2017,H,13.63,0.138,M,20
2017,H,13.63,0.157,M,20
2017,H,13.64,0.158,M,20
2017,H,13.67,0.12,M,20
2017,H,13.16,0.125,M,21
2017,H,13.39,0.216,M,21
2017,H,13.43,0.122,M,21
2017,H,13.56,0.148,M,21
2017,H,13.58,0.158,M,21
2017,H,13.62,0.142,M,21
2017,H,13.78,0.138,M,21
2017,H,13.81,0.139,M,21
2017,H,13.28,0.168,M,22
2017,H,13.34,0.162,M,22
2017,H,13.38,0.148,M,22
2017,H,13.4,0.143,M,22
2017,H,13.48,0.179,M,22
2017,H,13.52,0.127,M,22
2017,H,13.56,0.177,M,22
2017,H,DNF,0.145,M,22
2017,H,13.37,0.147,M,23
2017,H,13.42,0.172,M,23
2017,H,13.47,0.168,M,23
2017,H,13.53,0.141,M,23
2017,H,13.61,0.17,M,23
2017,H,13.78,0.132,M,23
2017,H,13.98,0.143,M,23
2017,H,DQ,0.201,M,23
2017,S,13.1,0.135,M,24
2017,S,13.17,0.125,M,24
2017,S,13.22,0.16,M,24
2017,S,13.23,0.148,M,24
2017,S,13.32,0.146,M,24
2017,S,13.4,0.14,M,24
2017,S,13.79,0.16,M,24
2017,S,DNF,0.152,M,24
2017,S,13.26,0.179,M,25
2017,S,13.27,0.181,M,25
2017,S,13.27,0.126,M,25
2017,S,13.28,0.137,M,25
2017,S,13.42,0.183,M,25
2017,S,13.43,0.175,M,25
2017,S,13.65,0.157,M,25
2017,S,13.79,0.158,M,25
2017,S,13.23,0.12,M,26
2017,S,13.25,0.117,M,26
2017,S,13.36,0.171,M,26
2017,S,13.59,0.23,M,26
2017,S,13.67,0.18,M,26
2017,S,13.7,0.133,M,26
2017,S,14.98,0.174,M,26
2017,S,DNF,0.147,M,26
2017,F,13.04,0.123,M,27
2017,F,13.14,0.132,M,27
2017,F,13.28,0.122,M,27
2017,F,13.3,0.115,M,27
2017,F,13.31,0.163,M,27
2017,F,13.32,0.169,M,27
2017,F,13.37,0.14,M,27
2017,F,13.37,0.145,M,27
2015,H,13.28,0.151,M,28
2015,H,13.43,0.157,M,28
2015,H,13.44,0.164,M,28
2015,H,13.48,0.146,M,28
2015,H,13.96,0.12,M,28
2015,H,14,0.137,M,28
2015,H,14.56,0.17,M,28
2015,H,DQ R162.7,0.053,M,28
2015,H,DQ R168.7(b),0.16,M,28
2015,H,13.35,0.151,M,29
2015,H,13.43,0.172,M,29
2015,H,13.44,0.202,M,29
2015,H,13.49,0.151,M,29
2015,H,13.78,0.159,M,29
2015,H,13.86,0.147,M,29
2015,H,13.15,0.149,M,30
2015,H,13.43,0.138,M,30
2015,H,13.45,0.139,M,30
2015,H,13.55,0.162,M,30
2015,H,13.57,0.138,M,30
2015,H,13.58,0.145,M,30
2015,H,13.64,0.205,M,30
2015,H,13.91,0.178,M,30
2015,H,14.74,0.161,M,30
2015,H,13.33,0.14,M,31
2015,H,13.35,0.115,M,31
2015,H,13.41,0.134,M,31
2015,H,13.41,0.155,M,31
2015,H,13.43,0.13,M,31
2015,H,13.69,0.15,M,31
2015,H,13.72,0.144,M,31
2015,H,13.89,0.185,M,31
2015,H,13.25,0.142,M,32
2015,H,13.29,0.159,M,32
2015,H,13.31,0.134,M,32
2015,H,13.46,0.127,M,32
2015,H,13.61,0.125,M,32
2015,H,13.63,0.261,M,32
2015,H,13.65,0.195,M,32
2015,H,DNF,0.158,M,32
2015,S,13.09,0.143,M,33
2015,S,13.16,0.231,M,33
2015,S,13.25,0.143,M,33
2015,S,13.29,0.142,M,33
2015,S,13.31,0.167,M,33
2015,S,13.45,0.133,M,33
2015,S,13.58,0.144,M,33
2015,S,13.67,0.156,M,33
2015,S,DNF,0.141,M,33
2015,S,13.08,0.133,M,34
2015,S,13.14,0.158,M,34
2015,S,13.17,0.156,M,34
2015,S,13.37,0.141,M,34
2015,S,13.37,0.19,M,34
2015,S,13.39,0.163,M,34
2015,S,13.44,0.15,M,34
2015,S,13.79,0.147,M,34
2015,S,13.16,0.132,M,35
2015,S,13.17,0.162,M,35
2015,S,13.34,0.153,M,35
2015,S,13.37,0.15,M,35
2015,S,13.43,0.18,M,35
2015,S,13.51,0.13,M,35
2015,S,13.53,0.133,M,35
2015,S,13.57,0.148,M,35
2015,F,12.98,0.139,M,36
2015,F,13.03,0.143,M,36
2015,F,13.04,0.141,M,36
2015,F,13.17,0.15,M,36
2015,F,13.17,0.137,M,36
2015,F,13.18,0.135,M,36
2015,F,13.33,0.157,M,36
2015,F,13.34,0.178,M,36
2013,H,13.33,0.174,M,37
2013,H,13.38,0.159,M,37
2013,H,13.4,0.225,M,37
2013,H,13.41,0.156,M,37
2013,H,13.43,0.155,M,37
2013,H,13.52,0.222,M,37
2013,H,13.52,0.181,M,37
2013,H,13.87,0.184,M,37
2013,H,15.1,0.219,M,37
2013,H,13.37,0.168,M,38
2013,H,13.38,0.152,M,38
2013,H,13.51,0.157,M,38
2013,H,13.59,0.158,M,38
2013,H,13.63,0.169,M,38
2013,H,13.66,0.136,M,38
2013,H,13.93,0.17,M,38
2013,H,16.21,0.173,M,38
2013,H,13.32,0.139,M,39
2013,H,13.33,0.18,M,39
2013,H,13.36,0.155,M,39
2013,H,13.5,0.137,M,39
2013,H,13.68,0.147,M,39
2013,H,13.69,0.177,M,39
2013,H,14.51,0.198,M,39
2013,H,13.05,0.174,M,40
2013,H,13.16,0.151,M,40
2013,H,13.27,0.158,M,40
2013,H,13.44,0.181,M,40
2013,H,13.55,0.188,M,40
2013,H,13.59,0.164,M,40
2013,H,13.79,0.171,M,40
2013,H,14.45,0.213,M,40
2013,H,14.71,0.146,M,40
2013,S,13.34,0.178,M,41
2013,S,13.39,0.27,M,41
2013,S,13.44,0.327,M,41
2013,S,13.46,0.153,M,41
2013,S,13.49,0.191,M,41
2013,S,13.64,0.397,M,41
2013,S,DNF,0.154,M,41
2013,S,DNF,0.185,M,41
2013,S,13.17,0.147,M,42
2013,S,13.18,0.168,M,42
2013,S,13.2,0.159,M,42
2013,S,13.3,0.212,M,42
2013,S,13.34,0.144,M,42
2013,S,13.35,0.164,M,42
2013,S,13.47,0.156,M,42
2013,S,13.54,0.143,M,42
2013,F,13,0.147,M,43
2013,F,13.13,0.167,M,43
2013,F,13.24,0.154,M,43
2013,F,13.27,0.158,M,43
2013,F,13.3,0.151,M,43
2013,F,13.31,0.147,M,43
2013,F,13.42,0.162,M,43
2013,F,13.51,0.135,M,43
2011,H,13.2,0.146,M,44
2011,H,13.32,0.162,M,44
2011,H,13.53,0.154,M,44
2011,H,13.53,0.169,M,44
2011,H,13.57,0.204,M,44
2011,H,13.7,0.175,M,44
2011,H,13.87,0.224,M,44
2011,H,14.42,0.194,M,44
2011,H,13.19,0.187,M,45
2011,H,13.31,0.143,M,45
2011,H,13.54,0.162,M,45
2011,H,13.59,0.132,M,45
2011,H,13.65,0.143,M,45
2011,H,13.68,0.159,M,45
2011,H,13.96,0.138,M,45
2011,H,14.06,0.159,M,45
2011,H,13.27,0.153,M,46
2011,H,13.47,0.168,M,46
2011,H,13.47,0.163,M,46
2011,H,13.51,0.141,M,46
2011,H,13.52,0.162,M,46
2011,H,13.6,0.16,M,46
2011,H,13.86,0.166,M,46
2011,H,15.35,0.237,M,46
2011,H,13.36,0.174,M,47
2011,H,13.42,0.171,M,47
2011,H,13.55,0.151,M,47
2011,H,13.55,0.192,M,47
2011,H,13.56,0.162,M,47
2011,H,13.63,0.175,M,47
2011,H,13.63,0.203,M,47
2011,H,13.83,0.159,M,47
2011,S,13.31,0.18,M,48
2011,S,13.32,0.159,M,48
2011,S,13.32,0.23,M,48
2011,S,13.44,0.186,M,48
2011,S,13.62,0.183,M,48
2011,S,13.73,0.194,M,48
2011,S,13.76,0.16,M,48
2011,S,13.81,0.172,M,48
2011,S,13.11,0.178,M,49
2011,S,13.4,0.167,M,49
2011,S,13.51,0.159,M,49
2011,S,13.56,0.154,M,49
2011,S,13.57,0.141,M,49
2011,S,13.67,0.17,M,49
2011,S,13.71,0.165,M,49
2011,S,13.75,0.148,M,49
2011,F,13.16,0.178,M,50
2011,F,13.27,0.164,M,50
2011,F,13.44,0.146,M,50
2011,F,13.44,0.171,M,50
2011,F,13.67,0.14,M,50
2011,F,13.67,0.178,M,50
2011,F,DQ,0.15,M,50
2011,F,DNF,0.153,M,50
2009,H,13.56,0.155,M,51
2009,H,13.57,0.138,M,51
2009,H,13.63,0.221,M,51
2009,H,13.67,0.139,M,51
2009,H,13.73,0.169,M,51
2009,H,13.83,0.147,M,51
2009,H,13.84,0.119,M,51
2009,H,DNF,0.164,M,51
2009,H,13.62,0.168,M,52
2009,H,13.66,0.136,M,52
2009,H,13.67,0.178,M,52
2009,H,13.72,0.156,M,52
2009,H,13.72,0.207,M,52
2009,H,14.15,0.151,M,52
2009,H,13.56,0.149,M,53
2009,H,13.56,0.152,M,53
2009,H,13.56,0.176,M,53
2009,H,13.7,0.157,M,53
2009,H,13.71,0.159,M,53
2009,H,13.78,0.157,M,53
2009,H,13.83,0.144,M,53
2009,H,15.01,0.155,M,53
2009,H,13.35,0.149,M,54
2009,H,13.41,0.114,M,54
2009,H,13.52,0.143,M,54
2009,H,13.59,0.16,M,54
2009,H,13.61,0.2,M,54
2009,H,13.93,0.144,M,54
2009,H,14.74,0.145,M,54
2009,H,DQ,0.156,M,54
2009,H,13.51,0.124,M,55
2009,H,13.51,0.202,M,55
2009,H,13.54,0.145,M,55
2009,H,13.55,0.158,M,55
2009,H,13.57,0.243,M,55
2009,H,13.68,0.149,M,55
2009,H,13.81,0.137,M,55
2009,H,14.06,0.182,M,55
2009,H,13.34,0.158,M,56
2009,H,13.52,0.162,M,56
2009,H,13.54,0.15,M,56
2009,H,13.61,0.168,M,56
2009,H,13.7,0.148,M,56
2009,H,13.75,0.131,M,56
2009,H,13.86,0.156,M,56
2009,H,14.63,0.184,M,56
2009,S,13.24,0.16,M,57
2009,S,13.33,0.149,M,57
2009,S,13.41,0.147,M,57
2009,S,13.43,0.174,M,57
2009,S,13.44,0.171,M,57
2009,S,13.5,0.14,M,57
2009,S,13.54,0.212,M,57
2009,S,13.55,0.171,M,57
2009,S,13.18,0.169,M,58
2009,S,13.24,0.151,M,58
2009,S,13.37,0.151,M,58
2009,S,13.42,0.144,M,58
2009,S,13.45,0.162,M,58
2009,S,13.46,0.154,M,58
2009,S,13.49,0.129,M,58
2009,S,13.64,0.165,M,58
2009,S,13.38,0.11,M,59
2009,S,13.43,0.162,M,59
2009,S,13.45,0.156,M,59
2009,S,13.47,0.144,M,59
2009,S,13.57,0.159,M,59
2009,S,13.72,0.132,M,59
2009,S,DQ,0.145,M,59
2009,S,DNF,0.16,M,59
2009,F,13.14,0.157,M,60
2009,F,13.15,0.141,M,60
2009,F,13.15,0.122,M,60
2009,F,13.3,0.125,M,60
2009,F,13.31,0.151,M,60
2009,F,13.38,0.144,M,60
2009,F,13.56,0.145,M,60
2009,F,13.57,0.144,M,60
2007,H,13.4,0.223,M,61
2007,H,13.48,0.148,M,61
2007,H,13.51,0.195,M,61
2007,H,13.56,0.172,M,61
2007,H,13.56,0.156,M,61
2007,H,13.74,0.204,M,61
2007,H,13.86,0.219,M,61
2007,H,14.16,0.192,M,61
2007,H,13.36,0.141,M,62
2007,H,13.39,0.221,M,62
2007,H,13.47,0.186,M,62
2007,H,13.53,0.187,M,62
2007,H,13.58,0.15,M,62
2007,H,13.78,0.157,M,62
2007,H,13.92,0.18,M,62
2007,H,14.94,0.223,M,62
2007,H,13.38,0.184,M,63
2007,H,13.46,0.175,M,63
2007,H,13.54,0.164,M,63
2007,H,13.62,0.167,M,63
2007,H,13.66,0.229,M,63
2007,H,13.67,0.158,M,63
2007,H,13.83,0.189,M,63
2007,H,DQ,0.14,M,63
2007,H,13.41,0.164,M,64
2007,H,13.61,0.176,M,64
2007,H,13.61,0.14,M,64
2007,H,13.61,0.166,M,64
2007,H,13.61,0.165,M,64
2007,H,13.81,0.171,M,64
2007,H,13.82,0.142,M,64
2007,H,13.84,0.145,M,64
2007,H,13.22,0.152,M,65
2007,H,13.27,0.163,M,65
2007,H,13.27,0.177,M,65
2007,H,13.63,0.171,M,65
2007,H,13.68,0.211,M,65
2007,H,13.72,0.207,M,65
2007,H,13.77,0.134,M,65
2007,H,13.84,0.186,M,65
2007,S,13.19,0.166,M,66
2007,S,13.24,0.149,M,66
2007,S,13.29,0.166,M,66
2007,S,13.33,0.174,M,66
2007,S,13.53,0.148,M,66
2007,S,13.58,0.15,M,66
2007,S,13.7,0.17,M,66
2007,S,13.82,0.145,M,66
2007,S,13.23,0.177,M,67
2007,S,13.35,0.135,M,67
2007,S,13.36,0.168,M,67
2007,S,13.37,0.137,M,67
2007,S,13.59,0.184,M,67
2007,S,13.62,0.162,M,67
2007,S,13.78,0.196,M,67
2007,S,13.87,0.183,M,67
2007,S,13.21,0.178,M,68
2007,S,13.25,0.158,M,68
2007,S,13.38,0.127,M,68
2007,S,13.42,0.161,M,68
2007,S,13.58,0.141,M,68
2007,S,13.58,0.135,M,68
2007,S,13.66,0.149,M,68
2007,S,13.77,0.189,M,68
2007,F,12.95,0.161,M,69
2007,F,12.99,0.205,M,69
2007,F,13.02,0.141,M,69
2007,F,13.15,0.164,M,69
2007,F,13.19,0.15,M,69
2007,F,13.22,0.136,M,69
2007,F,13.33,0.172,M,69
2007,F,13.39,0.144,M,69
2005,H,13.86,0.151,M,70
2005,H,13.92,0.167,M,70
2005,H,14.03,0.184,M,70
2005,H,14.26,0.142,M,70
2005,H,14.49,0.166,M,70
2005,H,14.73,0.143,M,70
2005,H,15.43,0.134,M,70
2005,H,13.73,0.158,M,71
2005,H,13.74,0.142,M,71
2005,H,13.89,0.145,M,71
2005,H,14.01,0.155,M,71
2005,H,14.04,0.147,M,71
2005,H,14.18,0.154,M,71
2005,H,14.34,0.202,M,71
2005,H,15.52,0.14,M,71
2005,H,13.86,0.153,M,72
2005,H,13.96,0.147,M,72
2005,H,14.11,0.124,M,72
2005,H,14.24,0.15,M,72
2005,H,14.25,0.134,M,72
2005,H,14.3,0.14,M,72
2005,H,14.34,0.163,M,72
2005,H,13.8,0.141,M,73
2005,H,13.8,0.151,M,73
2005,H,13.89,0.134,M,73
2005,H,13.9,0.125,M,73
2005,H,13.9,0.123,M,73
2005,H,14.18,0.147,M,73
2005,H,14.57,0.172,M,73
2005,H,14.83,0.149,M,73
2005,H,13.96,0.138,M,74
2005,H,13.96,0.158,M,74
2005,H,14.01,0.118,M,74
2005,H,14.12,0.159,M,74
2005,H,14.18,0.152,M,74
2005,H,14.25,0.131,M,74
2005,H,14.34,0.144,M,74
2005,H,15.41,0.203,M,74
2005,H,13.83,0.171,M,75
2005,H,13.86,0.21,M,75
2005,H,13.9,0.159,M,75
2005,H,13.9,0.153,M,75
2005,H,14.02,0.153,M,75
2005,H,14.38,0.144,M,75
2005,H,14.88,0.138,M,75
2005,H,15.05,0.17,M,75
2005,S,13.35,0.174,M,76
2005,S,13.39,0.155,M,76
2005,S,13.44,0.15,M,76
2005,S,13.54,0.15,M,76
2005,S,13.71,0.162,M,76
2005,S,13.88,0.153,M,76
2005,S,13.88,0.206,M,76
2005,S,14.11,0.147,M,76
2005,S,13.31,0.159,M,77
2005,S,13.42,0.143,M,77
2005,S,13.53,0.163,M,77
2005,S,13.63,0.138,M,77
2005,S,13.69,0.165,M,77
2005,S,13.73,0.152,M,77
2005,S,13.94,0.132,M,77
2005,S,13.99,0.159,M,77
2005,S,13.23,0.161,M,78
2005,S,13.24,0.16,M,78
2005,S,13.39,0.139,M,78
2005,S,13.43,0.136,M,78
2005,S,13.45,0.152,M,78
2005,S,13.63,0.133,M,78
2005,S,13.74,0.152,M,78
2005,S,14.16,0.156,M,78
2005,F,13.07,0.164,M,79
2005,F,13.08,0.142,M,79
2005,F,13.1,0.147,M,79
2005,F,13.13,0.173,M,79
2005,F,13.2,0.222,M,79
2005,F,13.47,0.16,M,79
2005,F,13.47,0.167,M,79
2005,F,13.48,0.157,M,79
2003,H,13.46,0.133,M,80
2003,H,13.48,0.237,M,80
2003,H,13.51,0.258,M,80
2003,H,13.62,0.147,M,80
2003,H,13.67,0.155,M,80
2003,H,13.69,0.169,M,80
2003,H,15.1,0.125,M,80
2003,H,13.42,0.174,M,81
2003,H,13.43,0.15,M,81
2003,H,13.5,0.153,M,81
2003,H,13.56,0.173,M,81
2003,H,13.74,0.288,M,81
2003,H,13.89,0.175,M,81
2003,H,13.9,0.154,M,81
2003,H,13.62,0.146,M,82
2003,H,13.62,0.179,M,82
2003,H,13.68,0.157,M,82
2003,H,13.72,0.24,M,82
2003,H,13.8,0.147,M,82
2003,H,14.17,0.138,M,82
2003,H,DNF,0.156,M,82
2003,H,13.49,0.169,M,83
2003,H,13.57,0.218,M,83
2003,H,13.59,0.184,M,83
2003,H,13.67,0.178,M,83
2003,H,13.69,0.148,M,83
2003,H,13.31,0.202,M,84
2003,H,13.41,0.137,M,84
2003,H,13.48,0.15,M,84
2003,H,13.67,0.15,M,84
2003,H,16.24,0.189,M,84
2003,H,DQ,0.15,M,84
2003,H,DNF,0.144,M,84
2003,S,13.53,0.173,M,85
2003,S,13.55,0.218,M,85
2003,S,13.6,0.137,M,85
2003,S,13.62,0.187,M,85
2003,S,13.7,0.168,M,85
2003,S,13.72,0.17,M,85
2003,S,13.77,0.254,M,85
2003,S,13.86,0.223,M,85
2003,S,13.19,0.168,M,86
2003,S,13.46,0.172,M,86
2003,S,13.49,0.135,M,86
2003,S,13.59,0.154,M,86
2003,S,13.59,0.164,M,86
2003,S,13.68,0.129,M,86
2003,S,13.84,0.157,M,86
2003,S,14.19,0.155,M,86
2003,S,13.34,0.162,M,87
2003,S,13.48,0.162,M,87
2003,S,13.53,0.147,M,87
2003,S,13.54,0.174,M,87
2003,S,13.67,0.216,M,87
2003,S,13.72,0.168,M,87
2003,S,13.74,0.143,M,87
2003,S,DQ,0.27,M,87
2003,F,13.12,0.159,M,88
2003,F,13.2,0.154,M,88
2003,F,13.23,0.14,M,88
2003,F,13.34,0.157,M,88
2003,F,13.48,0.155,M,88
2003,F,13.55,0.145,M,88
2003,F,13.57,0.152,M,88
2003,F,DQ,0.15,M,88
2001,H,13.59,0.16,M,89
2001,H,13.63,0.192,M,89
2001,H,13.64,0.143,M,89
2001,H,13.8,0.128,M,89
2001,H,13.93,0.128,M,89
2001,H,14.02,0.152,M,89
2001,H,16.34,0.175,M,89
2001,H,13.56,0.13,M,90
2001,H,13.58,0.127,M,90
2001,H,13.59,0.167,M,90
2001,H,13.61,0.153,M,90
2001,H,13.82,0.153,M,90
2001,H,13.96,0.128,M,90
2001,H,14.34,0.136,M,90
2001,H,13.21,0.139,M,91
2001,H,13.46,0.131,M,91
2001,H,13.59,0.143,M,91
2001,H,13.72,0.162,M,91
2001,H,13.85,0.128,M,91
2001,H,14.08,0.134,M,91
2001,H,13.28,0.155,M,92
2001,H,13.54,0.146,M,92
2001,H,13.6,0.15,M,92
2001,H,13.6,0.143,M,92
2001,H,13.89,0.121,M,92
2001,H,13.97,0.155,M,92
2001,H,13.4,0.124,M,93
2001,H,13.58,0.138,M,93
2001,H,13.74,0.151,M,93
2001,H,13.84,0.129,M,93
2001,H,13.88,0.132,M,93
2001,H,13.92,0.144,M,93
2001,H,15.01,0.144,M,93
2001,H,13.33,0.159,M,94
2001,H,13.38,0.138,M,94
2001,H,13.39,0.118,M,94
2001,H,13.57,0.141,M,94
2001,H,13.72,0.17,M,94
2001,H,13.88,0.158,M,94
2001,H,19.01,0.158,M,94
2001,S,13.19,0.142,M,95
2001,S,13.27,0.16,M,95
2001,S,13.29,0.116,M,95
2001,S,13.42,0.141,M,95
2001,S,13.61,0.131,M,95
2001,S,13.73,0.144,M,95
2001,S,13.89,0.152,M,95
2001,S,DNF,0.133,M,95
2001,S,13.38,0.125,M,96
2001,S,13.38,0.151,M,96
2001,S,13.41,0.145,M,96
2001,S,13.49,0.147,M,96
2001,S,13.56,0.121,M,96
2001,S,13.71,0.167,M,96
2001,S,13.77,0.174,M,96
2001,S,13.33,0.147,M,97
2001,S,13.43,0.136,M,97
2001,S,13.44,0.158,M,97
2001,S,13.51,0.148,M,97
2001,S,13.55,0.139,M,97
2001,S,13.55,0.16,M,97
2001,S,13.6,0.161,M,97
2001,S,13.98,0.145,M,97
2001,F,13.04,0.15,M,98
2001,F,13.07,0.15,M,98
2001,F,13.25,0.134,M,98
2001,F,13.3,0.151,M,98
2001,F,13.51,0.136,M,98
2001,F,13.52,0.131,M,98
2001,F,13.76,0.159,M,98
2001,F,13.84,0.133,M,98
1999,H,13.39,0.162,M,99
1999,H,13.42,0.153,M,99
1999,H,13.5,0.161,M,99
1999,H,13.62,0.153,M,99
1999,H,13.74,0.163,M,99
1999,H,13.83,0.138,M,99
1999,H,14.68,0.128,M,99
1999,H,13.3,0.113,M,100
1999,H,13.54,0.107,M,100
1999,H,13.55,0.143,M,100
1999,H,13.64,0.153,M,100
1999,H,13.84,0.161,M,100
1999,H,13.95,0.168,M,100
1999,H,14.01,0.138,M,100
1999,H,13.46,0.147,M,101
1999,H,13.53,0.132,M,101
1999,H,13.53,0.145,M,101
1999,H,13.63,0.149,M,101
1999,H,13.67,0.135,M,101
1999,H,13.76,0.142,M,101
1999,H,13.86,0.136,M,101
1999,H,13.35,0.12,M,102
1999,H,13.44,0.126,M,102
1999,H,13.45,0.141,M,102
1999,H,13.65,0.129,M,102
1999,H,13.65,0.223,M,102
1999,H,13.79,0.133,M,102
1999,H,15.74,0.116,M,102
1999,H,13.19,0.115,M,103
1999,H,13.28,0.134,M,103
1999,H,13.57,0.18,M,103
1999,H,13.62,0.161,M,103
1999,H,13.64,0.159,M,103
1999,H,13.64,0.137,M,103
1999,H,13.83,0.143,M,103
1999,H,13.4,0.155,M,104
1999,H,13.5,0.148,M,104
1999,H,13.55,0.126,M,104
1999,H,13.65,0.114,M,104
1999,H,13.66,0.144,M,104
1999,H,13.71,0.128,M,104
1999,S,13.13,0.139,M,105
1999,S,13.2,0.169,M,105
1999,S,13.3,0.135,M,105
1999,S,13.37,0.169,M,105
1999,S,13.54,0.156,M,105
1999,S,13.58,0.12,M,105
1999,S,13.62,0.125,M,105
1999,S,14.17,0.138,M,105
1999,S,13.21,0.117,M,106
1999,S,13.29,0.142,M,106
1999,S,13.37,0.127,M,106
1999,S,13.42,0.14,M,106
1999,S,13.53,0.139,M,106
1999,S,13.54,0.121,M,106
1999,S,13.56,0.123,M,106
1999,S,13.65,0.134,M,106
1999,S,13.3,0.135,M,107
1999,S,13.43,0.138,M,107
1999,S,13.48,0.141,M,107
1999,S,13.5,0.149,M,107
1999,S,13.56,0.164,M,107
1999,S,13.63,0.135,M,107
1999,S,13.78,0.123,M,107
1999,S,13.35,0.148,M,108
1999,S,13.38,0.14,M,108
1999,S,13.47,0.135,M,108
1999,S,13.48,0.167,M,108
1999,S,13.56,0.159,M,108
1999,S,13.61,0.134,M,108
1999,S,13.74,0.129,M,108
1999,S,14.32,0.152,M,108
1999,S,13.14,0.151,M,109
1999,S,13.3,0.135,M,109
1999,S,13.32,0.143,M,109
1999,S,13.32,0.136,M,109
1999,S,13.35,0.161,M,109
1999,S,13.4,0.136,M,109
1999,S,13.45,0.133,M,109
1999,S,13.52,0.133,M,109
1999,S,13.18,0.139,M,110
1999,S,13.19,0.11,M,110
1999,S,13.3,0.123,M,110
1999,S,13.47,0.134,M,110
1999,S,13.49,0.113,M,110
1999,S,13.7,0.137,M,110
1999,S,13.86,0.151,M,110
1999,F,13.04,0.116,M,111
1999,F,13.07,0.158,M,111
1999,F,13.12,0.141,M,111
1999,F,13.22,0.148,M,111
1999,F,13.26,0.153,M,111
1999,F,13.3,0.129,M,111
1999,F,13.39,0.132,M,111
1999,F,13.54,0.142,M,111
2022,H,12.59,0.153,F,
2022,H,12.95,0.137,F,
2022,H,13.04,0.13,F,
2022,H,13.24,0.138,F,
2022,H,13.25,0.158,F,
2022,H,13.64,0.148,F,
2022,H,DQ,0.13,F,
2022,H,12.52,0.185,F,
2022,H,12.69,0.124,F,
2022,H,13,0.162,F,
2022,H,13.15,0.108,F,
2022,H,13.27,0.124,F,
2022,H,13.38,0.147,F,
2022,H,14.22,0.136,F,
2022,H,12.4,0.135,F,
2022,H,12.87,0.194,F,
2022,H,12.99,0.117,F,
2022,H,13.01,0.163,F,
2022,H,13.12,0.137,F,
2022,H,13.12,0.119,F,
2022,H,13.57,0.14,F,
2022,H,12.7,0.131,F,
2022,H,12.76,0.136,F,
2022,H,13.12,0.122,F,
2022,H,13.13,0.165,F,
2022,H,13.37,0.107,F,
2022,H,DQ,0.169,F,
2022,H,DQ,0.13,F,
2022,H,12.48,0.149,F,
2022,H,12.73,0.166,F,
2022,H,12.94,0.14,F,
2022,H,12.96,0.108,F,
2022,H,13.03,0.181,F,
2022,H,DNF,0.176,F,
2022,H,12.6,0.182,F,
2022,H,12.67,0.149,F,
2022,H,12.84,0.131,F,
2022,H,13.09,0.129,F,
2022,H,13.12,0.134,F,
2022,H,13.12,0.199,F,
2022,H,13.16,0.127,F,
2022,H,14.09,0.187,F,
2022,S,12.12,0.144,F,
2022,S,12.27,0.155,F,
2022,S,12.41,0.105,F,
2022,S,12.5,0.158,F,
2022,S,12.66,0.12,F,
2022,S,12.7,0.134,F,
2022,S,12.82,0.154,F,
2022,S,12.82,0.119,F,
2022,S,12.43,0.153,F,
2022,S,12.46,0.138,F,
2022,S,12.52,0.173,F,
2022,S,12.62,0.119,F,
2022,S,12.93,0.128,F,
2022,S,13.04,0.123,F,
2022,S,13.05,0.134,F,
2022,S,DQ,0.143,F,
2022,S,12.31,0.143,F,
2022,S,12.32,0.126,F,
2022,S,12.66,0.125,F,
2022,S,12.74,0.106,F,
2022,S,12.87,0.117,F,
2022,S,12.93,0.157,F,
2022,S,12.94,0.164,F,
2022,S,13.15,0.113,F,
2022,F,12.06,0.13,F,
2022,F,12.23,0.129,F,
2022,F,12.23,0.127,F,
2022,F,12.31,0.125,F,
2022,F,12.38,0.158,F,
2022,F,12.44,0.105,F,
2022,F,12.53,0.129,F,
2022,F,DQ,0.145,F,
2019,H,12.59,0.157,F,
2019,H,12.78,0.186,F,
2019,H,12.97,0.173,F,
2019,H,13.14,0.2,F,
2019,H,13.2,0.17,F,
2019,H,13.44,0.177,F,
2019,H,14,0.167,F,
2019,H,DNF,0.132,F,
2019,H,12.8,0.156,F,
2019,H,12.85,0.17,F,
2019,H,12.91,0.149,F,
2019,H,13.11,0.12,F,
2019,H,13.19,0.131,F,
2019,H,13.51,0.179,F,
2019,H,12.51,0.126,F,
2019,H,12.68,0.144,F,
2019,H,12.97,0.147,F,
2019,H,13,0.192,F,
2019,H,13.08,0.146,F,
2019,H,13.14,0.164,F,
2019,H,13.49,0.135,F,
2019,H,12.55,0.131,F,
2019,H,12.76,0.137,F,
2019,H,12.84,0.149,F,
2019,H,12.96,0.146,F,
2019,H,13.11,0.13,F,
2019,H,13.15,0.147,F,
2019,H,13.3,0.145,F,
2019,H,14.79,0.181,F,
2019,H,12.48,0.121,F,
2019,H,12.61,0.115,F,
2019,H,12.75,0.138,F,
2019,H,12.78,0.138,F,
2019,H,12.92,0.15,F,
2019,H,12.97,0.145,F,
2019,H,12.98,0.136,F,
2019,H,13.47,0.136,F,
2019,S,12.41,0.122,F,
2019,S,12.44,0.15,F,
2019,S,12.62,0.148,F,
2019,S,12.86,0.144,F,
2019,S,12.87,0.187,F,
2019,S,12.97,0.176,F,
2019,S,13.09,0.159,F,
2019,S,13.18,0.193,F,
2019,S,12.58,0.155,F,
2019,S,12.61,0.175,F,
2019,S,12.8,0.15,F,
2019,S,12.86,0.134,F,
2019,S,12.89,0.155,F,
2019,S,12.95,0.189,F,
2019,S,12.96,0.145,F,
2019,S,13.06,0.159,F,
2019,S,12.48,0.124,F,
2019,S,12.62,0.134,F,
2019,S,12.65,0.15,F,
2019,S,12.78,0.144,F,
2019,S,13.24,0.128,F,
2019,S,13.25,0.15,F,
2019,S,13.38,0.131,F,
2019,S,DQ,0.135,F,
2019,F,12.34,0.155,F,
2019,F,12.46,0.14,F,
2019,F,12.47,0.127,F,
2019,F,12.49,0.218,F,
2019,F,12.64,0.157,F,
2019,F,12.66,0.147,F,
2019,F,12.88,0.147,F,
2019,F,DNF,0.209,F,
2017,H,12.66,0.125,F,
2017,H,12.74,0.137,F,
2017,H,12.94,0.153,F,
2017,H,12.97,0.146,F,
2017,H,13.12,0.136,F,
2017,H,13.15,0.124,F,
2017,H,13.4,0.13,F,
2017,H,13.42,0.173,F,
2017,H,12.78,0.187,F,
2017,H,12.93,0.153,F,
2017,H,13.01,0.134,F,
2017,H,13.15,0.16,F,
2017,H,13.17,0.179,F,
2017,H,13.18,0.142,F,
2017,H,13.34,0.166,F,
2017,H,13.63,0.159,F,
2017,H,12.6,0.147,F,
2017,H,12.88,0.138,F,
2017,H,12.88,0.156,F,
2017,H,13.02,0.191,F,
2017,H,13.07,0.157,F,
2017,H,13.11,0.148,F,
2017,H,13.14,0.144,F,
2017,H,13.78,0.17,F,
2017,H,12.72,0.135,F,
2017,H,12.88,0.179,F,
2017,H,12.94,0.153,F,
2017,H,13.01,0.139,F,
2017,H,13.08,0.151,F,
2017,H,13.29,0.143,F,
2017,H,13.35,0.137,F,
2017,H,13.38,0.183,F,
2017,H,12.87,0.141,F,
2017,H,12.96,0.161,F,
2017,H,12.97,0.163,F,
2017,H,13.01,0.155,F,
2017,H,13.14,0.167,F,
2017,H,13.23,0.17,F,
2017,H,13.37,0.147,F,
2017,H,DNF,0.156,F,
2017,S,12.53,0.119,F,
2017,S,12.79,0.158,F,
2017,S,12.83,0.175,F,
2017,S,12.93,0.148,F,
2017,S,13.04,0.117,F,
2017,S,13.11,0.147,F,
2017,S,13.18,0.163,F,
2017,S,13.34,0.139,F,
2017,S,12.71,0.149,F,
2017,S,12.85,0.119,F,
2017,S,12.88,0.143,F,
2017,S,13.04,0.137,F,
2017,S,13.14,0.121,F,
2017,S,13.16,0.129,F,
2017,S,13.25,0.145,F,
2017,S,13.29,0.163,F,
2017,S,12.63,0.109,F,
2017,S,12.71,0.156,F,
2017,S,12.86,0.148,F,
2017,S,12.87,0.149,F,
2017,S,12.94,0.18,F,
2017,S,12.95,0.163,F,
2017,S,13.08,0.139,F,
2017,S,13.29,0.183,F,
2017,F,12.59,0.127,F,
2017,F,12.63,0.167,F,
2017,F,12.72,0.143,F,
2017,F,12.74,0.146,F,
2017,F,12.74,0.183,F,
2017,F,12.81,0.139,F,
2017,F,12.83,0.154,F,
2017,F,13.04,0.149,F,
2015,H,12.77,0.158,F,
2015,H,12.9,0.17,F,
2015,H,12.96,0.162,F,
2015,H,13.14,0.146,F,
2015,H,13.15,0.143,F,
2015,H,13.23,0.139,F,
2015,H,13.7,0.148,F,
2015,H,12.86,0.151,F,
2015,H,12.93,0.183,F,
2015,H,12.93,0.176,F,
2015,H,13.05,0.2,F,
2015,H,13.06,0.153,F,
2015,H,13.13,0.146,F,
2015,H,13.74,0.204,F,
2015,H,12.79,0.156,F,
2015,H,12.88,0.157,F,
2015,H,12.9,0.162,F,
2015,H,13.02,0.135,F,
2015,H,13.04,0.17,F,
2015,H,13.1,0.166,F,
2015,H,13.16,0.132,F,
2015,H,12.67,0.162,F,
2015,H,12.78,0.178,F,
2015,H,12.88,0.159,F,
2015,H,12.97,0.177,F,
2015,H,13.03,0.172,F,
2015,H,13.29,0.198,F,
2015,H,14.12,0.168,F,
2015,H,14.77,0.152,F,
2015,H,12.73,0.147,F,
2015,H,12.86,0.146,F,
2015,H,12.87,0.156,F,
2015,H,13.09,0.251,F,
2015,H,13.27,0.188,F,
2015,H,13.3,0.19,F,
2015,H,13.35,0.161,F,
2015,H,14.09,0.196,F,
2015,S,12.58,0.18,F,
2015,S,12.59,0.17,F,
2015,S,12.7,0.159,F,
2015,S,12.86,0.155,F,
2015,S,12.87,0.131,F,
2015,S,12.91,0.217,F,
2015,S,DNF,0.164,F,
2015,S,DNF,0.176,F,
2015,S,12.62,0.134,F,
2015,S,12.79,0.145,F,
2015,S,12.81,0.167,F,
2015,S,12.9,0.155,F,
2015,S,13,0.153,F,
2015,S,13.01,0.122,F,
2015,S,DQ,0.071,F,
2015,S,DNF,0.146,F,
2015,S,12.71,0.142,F,
2015,S,12.86,0.184,F,
2015,S,12.88,0.16,F,
2015,S,12.91,0.152,F,
2015,S,12.97,0.154,F,
2015,S,13,0.145,F,
2015,S,13.06,0.179,F,
2015,S,33.95,0.137,F,
2015,F,12.57,0.142,F,
2015,F,12.59,0.145,F,
2015,F,12.66,0.146,F,
2015,F,12.67,0.148,F,
2015,F,12.68,0.14,F,
2015,F,12.95,0.165,F,
2015,F,12.95,0.177,F,
2015,F,13.06,0.168,F,
2013,H,12.93,0.169,F,
2013,H,13.07,0.232,F,
2013,H,13.16,0.172,F,
2013,H,13.19,0.153,F,
2013,H,13.24,0.19,F,
2013,H,13.29,0.183,F,
2013,H,13.72,0.169,F,
2013,H,12.62,0.132,F,
2013,H,12.71,0.184,F,
2013,H,12.94,0.194,F,
2013,H,13.04,0.17,F,
2013,H,13.2,0.222,F,
2013,H,13.2,0.236,F,
2013,H,13.23,0.257,F,
2013,H,13.66,0.171,F,
2013,H,12.95,0.202,F,
2013,H,12.99,0.202,F,
2013,H,13.11,0.154,F,
2013,H,13.15,0.165,F,
2013,H,13.26,0.15,F,
2013,H,13.3,0.248,F,
2013,H,13.59,0.231,F,
2013,H,12.72,0.157,F,
2013,H,12.84,0.165,F,
2013,H,13.01,0.175,F,
2013,H,13.16,0.214,F,
2013,H,13.47,0.172,F,
2013,H,13.85,0.201,F,
2013,H,14.38,0.159,F,
2013,H,DQ,0.194,F,
2013,H,12.55,0.177,F,
2013,H,13.06,0.134,F,
2013,H,13.09,0.172,F,
2013,H,13.33,0.154,F,
2013,H,13.35,0.207,F,
2013,H,13.43,0.221,F,
2013,S,12.63,0.138,F,
2013,S,12.76,0.162,F,
2013,S,12.83,0.157,F,
2013,S,12.91,0.148,F,
2013,S,12.92,0.15,F,
2013,S,13.04,0.225,F,
2013,S,13.06,0.159,F,
2013,S,13.15,0.163,F,
2013,S,12.54,0.177,F,
2013,S,12.78,0.167,F,
2013,S,12.93,0.155,F,
2013,S,13.01,0.183,F,
2013,S,13.04,0.148,F,
2013,S,13.12,0.285,F,
2013,S,DQ,0.187,F,
2013,S,DQ,0.177,F,
2013,S,12.5,0.14,F,
2013,S,12.61,0.168,F,
2013,S,12.71,0.189,F,
2013,S,12.82,0.213,F,
2013,S,12.91,0.159,F,
2013,S,13.13,0.168,F,
2013,S,13.22,0.182,F,
2013,S,13.52,0.13,F,
2013,F,12.44,0.263,F,
2013,F,12.5,0.154,F,
2013,F,12.55,0.149,F,
2013,F,12.59,0.194,F,
2013,F,12.73,0.174,F,
2013,F,12.78,0.152,F,
2013,F,12.84,0.165,F,
2013,F,DQ,0.206,F,
2011,H,12.73,0.182,F,
2011,H,12.82,0.166,F,
2011,H,12.9,0.181,F,
2011,H,12.96,0.149,F,
2011,H,13.07,0.192,F,
2011,H,13.28,0.212,F,
2011,H,13.44,0.154,F,
2011,H,14.4,0.169,F,
2011,H,12.53,0.141,F,
2011,H,13.07,0.165,F,
2011,H,13.23,0.157,F,
2011,H,13.25,0.223,F,
2011,H,13.36,0.204,F,
2011,H,13.39,0.18,F,
2011,H,13.39,0.139,F,
2011,H,12.84,0.161,F,
2011,H,12.98,0.158,F,
2011,H,13.05,0.161,F,
2011,H,13.16,0.167,F,
2011,H,13.29,0.195,F,
2011,H,13.5,0.176,F,
2011,H,13.56,0.187,F,
2011,H,14.45,0.196,F,
2011,H,12.79,0.16,F,
2011,H,12.84,0.142,F,
2011,H,12.89,0.157,F,
2011,H,12.96,0.146,F,
2011,H,13.01,0.177,F,
2011,H,13.13,0.157,F,
2011,H,13.47,0.205,F,
2011,H,13.76,0.185,F,
2011,H,12.89,0.173,F,
2011,H,12.95,0.169,F,
2011,H,13.03,0.19,F,
2011,H,13.07,0.21,F,
2011,H,13.07,0.189,F,
2011,H,13.43,0.171,F,
2011,H,14.04,0.172,F,
2011,S,12.73,0.124,F,
2011,S,12.79,0.168,F,
2011,S,12.86,0.133,F,
2011,S,12.94,0.163,F,
2011,S,13,0.176,F,
2011,S,13.19,0.174,F,
2011,S,13.31,0.16,F,
2011,S,13.55,0.208,F,
2011,S,12.36,0.14,F,
2011,S,12.74,0.181,F,
2011,S,12.76,0.163,F,
2011,S,12.88,0.138,F,
2011,S,12.93,0.169,F,
2011,S,12.96,0.15,F,
2011,S,12.98,0.156,F,
2011,S,13.14,0.158,F,
2011,S,12.56,0.137,F,
2011,S,12.65,0.163,F,
2011,S,12.84,0.148,F,
2011,S,12.87,0.138,F,
2011,S,12.91,0.148,F,
2011,S,13.02,0.184,F,
2011,S,13.21,0.175,F,
2011,F,12.28,0.145,F,
2011,F,12.47,0.168,F,
2011,F,12.47,0.164,F,
2011,F,12.63,0.158,F,
2011,F,12.82,0.161,F,
2011,F,12.93,0.172,F,
2011,F,17.97,0.126,F,
2011,F,DNF,0.171,F,
2009,H,12.7,0.143,F,
2009,H,12.73,0.159,F,
2009,H,13.12,0.164,F,
2009,H,13.51,0.155,F,
2009,H,13.83,0.156,F,
2009,H,14.53,0.165,F,
2009,H,DQ,0.139,F,
2009,H,12.71,0.185,F,
2009,H,12.9,0.135,F,
2009,H,13.03,0.148,F,
2009,H,13.18,0.155,F,
2009,H,13.27,0.135,F,
2009,H,13.33,0.149,F,
2009,H,13.44,0.189,F,
2009,H,13.5,0.2,F,
2009,H,12.82,0.14,F,
2009,H,12.86,0.147,F,
2009,H,12.88,0.145,F,
2009,H,13.04,0.165,F,
2009,H,13.19,0.151,F,
2009,H,13.41,0.169,F,
2009,H,13.68,0.165,F,
2009,H,14.5,0.167,F,
2009,H,12.56,0.142,F,
2009,H,12.77,0.156,F,
2009,H,12.92,0.165,F,
2009,H,12.95,0.144,F,
2009,H,13.04,0.139,F,
2009,H,13.19,0.158,F,
2009,H,13.36,0.149,F,
2009,H,12.67,0.134,F,
2009,H,12.77,0.147,F,
2009,H,12.82,0.149,F,
2009,H,12.86,0.145,F,
2009,H,13.16,0.156,F,
2009,H,13.23,0.175,F,
2009,H,13.41,0.132,F,
2009,H,DNF,0.137,F,
2009,S,12.6,0.142,F,
2009,S,12.64,0.141,F,
2009,S,12.73,0.138,F,
2009,S,12.92,0.158,F,
2009,S,12.99,0.153,F,
2009,S,13,0.136,F,
2009,S,13.06,0.149,F,
2009,S,13.2,0.146,F,
2009,S,12.54,0.108,F,
2009,S,12.58,0.151,F,
2009,S,12.76,0.165,F,
2009,S,12.82,0.163,F,
2009,S,13,0.146,F,
2009,S,13.23,0.166,F,
2009,S,13.29,0.145,F,
2009,S,DQ,0.118,F,
2009,S,12.48,0.161,F,
2009,S,12.66,0.139,F,
2009,S,12.73,0.148,F,
2009,S,12.76,0.144,F,
2009,S,12.94,0.149,F,
2009,S,12.94,0.143,F,
2009,S,13.21,0.165,F,
2009,S,13.21,0.14,F,
2009,F,12.51,0.157,F,
2009,F,12.54,0.128,F,
2009,F,12.55,0.142,F,
2009,F,12.67,0.128,F,
2009,F,12.7,0.139,F,
2009,F,12.78,0.146,F,
2009,F,12.81,0.164,F,
2009,F,15.53,0.151,F,
2007,H,12.72,0.129,F,
2007,H,12.85,0.144,F,
2007,H,12.88,0.141,F,
2007,H,12.91,0.139,F,
2007,H,12.94,0.15,F,
2007,H,13.1,0.175,F,
2007,H,13.28,0.155,F,
2007,H,14.35,0.116,F,
2007,H,15.78,0.154,F,
2007,H,12.78,0.163,F,
2007,H,12.81,0.138,F,
2007,H,12.86,0.165,F,
2007,H,12.92,0.146,F,
2007,H,12.95,0.148,F,
2007,H,13.05,0.158,F,
2007,H,13.07,0.149,F,
2007,H,13.08,0.17,F,
2007,H,12.73,0.143,F,
2007,H,12.76,0.151,F,
2007,H,12.77,0.169,F,
2007,H,12.88,0.161,F,
2007,H,13.01,0.133,F,
2007,H,13.12,0.137,F,
2007,H,13.16,0.16,F,
2007,H,13.48,0.151,F,
2007,H,14.89,0.211,F,
2007,H,12.66,0.133,F,
2007,H,12.74,0.149,F,
2007,H,12.91,0.138,F,
2007,H,12.91,0.143,F,
2007,H,12.97,0.124,F,
2007,H,12.99,0.158,F,
2007,H,13.04,0.137,F,
2007,H,13.29,0.172,F,
2007,S,12.64,0.16,F,
2007,S,12.65,0.13,F,
2007,S,12.67,0.137,F,
2007,S,12.68,0.155,F,
2007,S,12.8,0.118,F,
2007,S,12.85,0.134,F,
2007,S,12.85,0.155,F,
2007,S,12.88,0.148,F,
2007,S,12.55,0.137,F,
2007,S,12.61,0.133,F,
2007,S,12.65,0.202,F,
2007,S,12.67,0.133,F,
2007,S,12.82,0.124,F,
2007,S,12.89,0.153,F,
2007,S,12.93,0.164,F,
2007,S,12.98,0.129,F,
2007,F,12.46,0.105,F,
2007,F,12.49,0.132,F,
2007,F,12.5,0.116,F,
2007,F,12.51,0.142,F,
2007,F,12.55,0.12,F,
2007,F,12.62,0.14,F,
2007,F,12.64,0.161,F,
2007,F,12.66,0.138,F,
2005,H,12.64,0.152,F,
2005,H,12.95,0.179,F,
2005,H,12.96,0.205,F,
2005,H,13.14,0.144,F,
2005,H,13.21,0.145,F,
2005,H,13.39,0.127,F,
2005,H,12.65,0.135,F,
2005,H,12.71,0.159,F,
2005,H,12.73,0.146,F,
2005,H,12.91,0.153,F,
2005,H,13.17,0.135,F,
2005,H,13.65,0.138,F,
2005,H,14.78,0.175,F,
2005,H,15.51,0.21,F,
2005,H,12.77,0.142,F,
2005,H,12.85,0.162,F,
2005,H,12.86,0.155,F,
2005,H,12.87,0.181,F,
2005,H,12.93,0.173,F,
2005,H,13,0.137,F,
2005,H,13.93,0.182,F,
2005,H,12.64,0.143,F,
2005,H,12.68,0.161,F,
2005,H,12.76,0.124,F,
2005,H,12.85,0.13,F,
2005,H,12.96,0.135,F,
2005,H,14.66,0.148,F,
2005,H,12.79,0.175,F,
2005,H,12.85,0.198,F,
2005,H,12.86,0.129,F,
2005,H,12.88,0.161,F,
2005,H,12.99,0.144,F,
2005,H,14,0.144,F,
2005,H,DNF,0.159,F,
2005,S,12.79,0.15,F,
2005,S,12.8,0.144,F,
2005,S,12.85,0.179,F,
2005,S,12.94,0.149,F,
2005,S,12.95,0.146,F,
2005,S,13.02,0.154,F,
2005,S,13.15,0.151,F,
2005,S,DNF,0.2,F,
2005,S,12.65,0.128,F,
2005,S,12.76,0.182,F,
2005,S,12.76,0.143,F,
2005,S,12.85,0.139,F,
2005,S,12.91,0.137,F,
2005,S,12.99,0.147,F,
2005,S,13.23,0.148,F,
2005,S,13.27,0.166,F,
2005,S,12.86,0.154,F,
2005,S,12.95,0.152,F,
2005,S,13.05,0.136,F,
2005,S,13.05,0.155,F,
2005,S,13.08,0.174,F,
2005,S,13.11,0.15,F,
2005,S,13.6,0.181,F,
2005,S,13.52,0.181,F,
2005,F,12.66,0.149,F,
2005,F,12.76,0.138,F,
2005,F,12.76,0.14,F,
2005,F,12.82,0.158,F,
2005,F,12.93,0.148,F,
2005,F,12.95,0.174,F,
2005,F,12.97,0.148,F,
2005,F,DQ,0.14,F,
2003,H,12.94,0.244,F,
2003,H,12.98,0.154,F,
2003,H,13.01,0.169,F,
2003,H,13.03,0.173,F,
2003,H,13.09,0.275,F,
2003,H,13.35,0.225,F,
2003,H,13.5,0.161,F,
2003,H,14.29,0.159,F,
2003,H,12.67,0.159,F,
2003,H,12.82,0.161,F,
2003,H,12.94,0.144,F,
2003,H,13.15,0.12,F,
2003,H,13.31,0.16,F,
2003,H,13.37,0.187,F,
2003,H,13.8,0.156,F,
2003,H,12.74,0.177,F,
2003,H,12.83,0.185,F,
2003,H,12.99,0.21,F,
2003,H,13.09,0.168,F,
2003,H,13.16,0.171,F,
2003,H,13.24,0.129,F,
2003,H,13.28,0.137,F,
2003,H,13.31,0.125,F,
2003,H,12.7,0.152,F,
2003,H,12.86,0.155,F,
2003,H,12.86,0.166,F,
2003,H,12.92,0.147,F,
2003,H,13.12,0.152,F,
2003,H,13.36,0.27,F,
2003,H,13.51,0.159,F,
2003,H,13.54,0.16,F,
2003,H,12.76,0.131,F,
2003,H,12.92,0.125,F,
2003,H,12.96,0.139,F,
2003,H,13.29,0.2,F,
2003,H,13.33,0.153,F,
2003,H,13.54,0.174,F,
2003,S,12.68,0.159,F,
2003,S,12.84,0.145,F,
2003,S,12.87,0.139,F,
2003,S,12.91,0.176,F,
2003,S,12.98,0.147,F,
2003,S,13.1,0.186,F,
2003,S,13.34,0.208,F,
2003,S,12.65,0.135,F,
2003,S,12.77,0.156,F,
2003,S,12.79,0.15,F,
2003,S,12.81,0.146,F,
2003,S,13.01,0.158,F,
2003,S,13.18,0.143,F,
2003,S,13.2,0.146,F,
2003,S,13.27,0.134,F,
2003,S,12.78,0.176,F,
2003,S,12.85,0.218,F,
2003,S,12.85,0.155,F,
2003,S,12.89,0.134,F,
2003,S,12.94,0.181,F,
2003,S,12.98,0.144,F,
2003,S,13.24,0.125,F,
2003,S,12.89,0.2,F,
2003,F,12.53,0.147,F,
2003,F,12.57,0.158,F,
2003,F,12.67,0.146,F,
2003,F,12.75,0.16,F,
2003,F,12.75,0.15,F,
2003,F,12.77,0.161,F,
2003,F,12.83,0.152,F,
2003,F,12.87,0.151,F,
2003,F,12.87,0.172,F,
2001,H,12.69,0.154,F,
2001,H,12.75,0.119,F,
2001,H,12.87,0.14,F,
2001,H,12.94,0.155,F,
2001,H,13.15,0.144,F,
2001,H,13.24,0.166,F,
2001,H,13.3,0.132,F,
2001,H,12.72,0.123,F,
2001,H,12.74,0.146,F,
2001,H,12.91,0.202,F,
2001,H,12.94,0.126,F,
2001,H,13,0.138,F,
2001,H,13.27,0.162,F,
2001,H,13.28,0.142,F,
2001,H,12.74,0.161,F,
2001,H,12.79,0.134,F,
2001,H,12.88,0.155,F,
2001,H,13.13,0.138,F,
2001,H,13.16,0.16,F,
2001,H,13.23,0.154,F,
2001,H,13.38,0.178,F,
2001,H,13.84,0.159,F,
2001,H,12.8,0.15,F,
2001,H,12.89,0.14,F,
2001,H,13.03,0.171,F,
2001,H,13.11,0.156,F,
2001,H,13.2,0.13,F,
2001,H,13.35,0.14,F,
2001,H,13.48,0.203,F,
2001,S,12.65,0.146,F,
2001,S,12.67,0.156,F,
2001,S,12.8,0.128,F,
2001,S,12.87,0.139,F,
2001,S,12.9,0.139,F,
2001,S,12.91,0.124,F,
2001,S,13.02,0.123,F,
2001,S,13.17,0.157,F,
2001,S,12.56,0.134,F,
2001,S,12.67,0.176,F,
2001,S,12.75,0.121,F,
2001,S,12.77,0.135,F,
2001,S,12.78,0.13,F,
2001,S,12.85,0.159,F,
2001,S,17.17,0.153,F,
2001,S,DQ,0.12,F,
2001,F,12.42,0.123,F,
2001,F,12.54,0.136,F,
2001,F,12.58,0.137,F,
2001,F,12.58,0.153,F,
2001,F,12.63,0.148,F,
2001,F,12.79,0.131,F,
2001,F,12.8,0.196,F,
2001,F,13.02,0.14,F,
